id,post_slug,reaction_type,created_at
081d271c-dce0-47b3-a4a5-8e710c5a96e0,2026-03-31,heart,2026-03-31 03:31:44.310677+00
0d1506f1-9153-4d54-8774-ab75f2cedea7,2026-03-31,laugh,2026-03-31 05:34:54.384929+00
1e194557-0df2-40c7-9085-9b9145c4c5cd,2026-03-31,heart,2026-03-31 03:51:28.460428+00
37906d98-8f9c-4806-aef9-c39f83283ec0,2026-03-31,heart,2026-04-03 08:11:30.375825+00
3ec8676f-860f-4cbd-b8f0-f2a284c1ec3e,2026-03-27,laugh,2026-03-27 22:59:23.078138+00
45683f87-80ad-46ec-a4d7-1500c11d39a9,2026-03-27,wow,2026-03-27 22:59:24.158259+00
4bb6aa8a-f711-44f6-8a84-f4a3f34f0f34,2026-03-31,heart,2026-03-31 05:34:51.599864+00
6678bb97-63d2-4a27-b4e5-03303726c53e,2026-03-31,laugh,2026-04-03 08:11:31.261394+00
6c629813-e578-4c11-80da-98cc6661c83b,2026-03-31,wow,2026-04-03 08:11:31.543493+00
766945f8-d5a2-43f9-844e-eae57acf8f3f,2026-03-31,cry,2026-03-31 05:34:55.364369+00
85c23758-1b55-4d2c-801c-3b3da2d65ddc,2026-03-31,wow,2026-03-31 05:34:54.992642+00
8f110f93-c9db-4fc2-8983-7b87d0da81fc,2026-03-27,cry,2026-03-27 22:59:25.140292+00
911937fa-3c37-40de-9272-4d64be4eae18,2026-03-27,wow,2026-03-27 22:59:24.342894+00
9e185d22-034f-4ffc-9cd6-a2dd3ad285fc,2026-03-27,heart,2026-03-27 22:59:21.227937+00
a01b5fa3-ca37-4b39-ab12-770f9bfbcfa9,2026-03-26,heart,2026-03-31 10:56:21.951469+00
a859efd4-64ca-474b-a65a-2053588784ab,2026-03-31,heart,2026-04-02 05:16:16.545697+00
c90d97d4-d120-4c1c-b35e-ad0a32c569ef,2026-03-27,cry,2026-03-27 22:59:25.308762+00
c9f604c8-e16f-4124-8604-e8a6583975df,2026-03-27,heart,2026-03-27 22:59:21.361466+00
d326d230-fe57-45d8-b713-282f9290bf3d,2026-04-06,heart,2026-04-07 12:35:56.489735+00
e11d9d92-553d-4f78-870e-f715cbd84b9f,2026-03-27,laugh,2026-03-27 22:59:23.222523+00
e21a2e43-42d0-49b4-a548-00d1b05a32a7,2026-03-27,heart,2026-03-31 10:54:22.847099+00
e4d9c230-856c-40e6-b906-bcdcb985060a,2026-03-31,heart,2026-03-31 10:49:54.189491+00
fdc0bc4f-615b-46f8-a975-3fbc8fafd0ab,2026-03-31,cry,2026-04-03 08:11:31.785423+00