id,post_slug,author_name,content,created_at
304d7256-0df9-4e18-bc38-9ed78192cb80,2026-03-27,,I’m going to need a notification bell for when there are posts,2026-03-29 03:51:48.960872+00
67852575-e9d3-41d3-bf6d-9da21e38a9df,2026-03-31,Max Anderson,Good boy,2026-03-31 03:37:58.462823+00
68154f3b-1d39-4c63-988e-f2c76993cd0c,2026-03-31,,加油💪,2026-03-31 10:49:42.180262+00
6fd333b4-3b27-41b7-862a-299da85e1817,2026-03-27,,pls like n subscribe 🫶,2026-03-29 02:51:49.706034+00
70a017b4-cbeb-4aa0-b16f-6be0f80a5c2f,2026-03-27,Max Anderson,😘,2026-03-31 10:35:24.239245+00
77a2732b-b466-460e-80b0-60191c2f008e,2026-03-31,Actually Max Anderson,Good boy Andy Xie,2026-04-03 08:13:46.630065+00
9ac915eb-3ac1-485a-8f98-4d67233103fc,2026-03-31,Andy Xie,Good Boy,2026-04-04 11:43:58.972629+00
a7c76c34-1d3d-4ebb-9de4-4fca3b56bca4,2026-04-06,Definitely Max Anderson,Good Boy Andy Xie,2026-04-06 02:33:27.649735+00
c5d131f6-9ed5-41e6-82a1-88492a5f9c8c,2026-03-31,Actually Actually Max Anderson,I am a good boy,2026-04-03 08:14:35.31853+00
edb75a7a-5479-4b3d-bfbc-a2795c1895ed,2026-03-31,Andy Xie 2,I am a good boy,2026-04-04 11:44:54.107176+00